observed,predicted
0.53,0.3167426
0.51,-0.00020536597
0.732,-0.043057807
0.53,0.48033863
0.54,0.020373609
-0.72,-1.1521506
0.68,0.0007186569
-0.647,-0.078933924
-0.59,-0.4524148
-0.58,-0.15186727
0.55,1.120649
0.51,0.0005031191
0.51,0.17690173
0.71,0.41217163
-0.7,0.009292215
-0.58,0.0
0.51,0.2840907
-0.751,0.0
-0.56,-0.000542293
0.69,0.0033479482
0.627,0.00034437576
-0.58,-0.00093366206
0.56,0.0031524003
0.55,0.6027934
-0.51,-0.026676627
-0.7,-0.50910175
0.747,0.000300721
0.57,1.0175802
0.53,0.5265699
0.53,0.397451
-0.66,-0.65510356
-0.55,-0.0028585196
-0.52,-0.071417354
-0.69,-0.38707724
-0.58,-0.3212964
-0.54,-0.26659486
0.61,-0.0025486127
0.6,-0.04240243
0.61,0.79686385
-0.55,0.0
-0.74,-0.006320268
-0.53,0.0008627574
0.56,0.0
0.51,0.13554554
0.53,0.0
0.65,0.37653103
0.53,0.11489836
-0.55,-0.20399125
-0.72,-1.1100034
-0.51,0.00048166513
-0.61,0.0
0.59,0.0
-0.63,-0.0024520506
0.69,0.009097517
0.61,-0.11716383
0.58,-0.004281965
-0.53,0.009573649
0.731,0.0005498767
0.682,1.0264037
-0.55,-0.52247703
-0.54,-0.097354375
0.53,0.5994863
0.6,0.25000864
0.68,-0.071694255
-0.731,-0.9607504
0.613,0.0012778094
-0.7,0.0020494761
-0.63,0.007417393
-0.653,-0.0018663034
-0.66,-0.054998904
-0.54,-0.0038403273
0.631,0.0
-0.7,-0.1551793
0.56,0.00017983218
-0.75,0.0009180427
0.56,0.13624509
-0.69,-0.33839723
-0.53,-0.4155473
-0.54,-0.0022307138
-0.6,-0.40379804
-0.8,0.0013649265
-0.6,-0.10794989
0.695,0.26674506
0.54,0.19064458
0.6,0.001108557
0.532,0.35936153
-0.58,-0.5251913
0.766,-0.017277062
0.623,0.85828245
-0.61,-0.25161952
0.56,0.009925503
0.793,0.0
-0.56,-0.918305
0.53,0.28000498
-0.56,-0.6980172
0.7,0.0
0.6,-0.0041286447
0.54,0.8798554
-0.55,0.0
-0.53,-0.00031760335
0.65,0.92855996
0.69,0.985664
-0.6,0.0019325813
-0.54,-0.079447865
-0.51,0.018164396
-0.64,0.0
0.52,-0.0006049894
0.71,0.5819836
0.51,0.25612622
-0.777,-0.00074411434
0.54,0.71856254
-0.52,-0.52534086
0.58,0.0006464885
0.81,1.3544312
0.58,0.28012595
0.59,7.6362325e-05
0.784,0.21725546
-0.54,-9.198983e-06
0.52,0.43243426
-0.701,-0.646073
0.7,0.6922187
-0.53,-0.13039422
-0.6,-0.000465552
0.64,0.98713917
-0.54,0.0015804371
0.56,0.45855215
0.54,-0.062773354
0.59,1.3427423
-0.58,-0.44339696
0.54,-0.0004530445
0.54,0.18880506
0.7,0.5905338
0.62,0.26402897
0.822,0.021245109
0.674,0.000777663
-0.712,-0.004821899
-0.54,0.38353688
0.61,0.79765654
-0.711,0.001987179
-0.58,-0.01676027
0.54,-0.00012296865
0.57,0.045141894
0.57,0.54930407
0.72,0.39136782
-0.65,-0.001542603
0.54,0.0006779705
-0.69,-0.15980749
-0.55,-9.213388e-05
0.55,0.0
0.53,0.0
-0.731,-0.19066067
0.56,0.17921445
-0.618,-0.47360542
-0.61,0.008035004
-0.53,-0.8905182
-0.837,0.0025760531
-0.603,-0.8056734
-0.55,0.0014073253
-0.72,-0.0007057786
-0.52,-0.8547256
-0.56,-0.2799595
-0.61,0.009146273
0.63,0.91700375
-0.56,-0.032853425
0.587,0.61772907
-0.63,-0.35301456
-0.74,-0.9475789
0.52,0.0
0.58,-0.005067695
0.52,0.26289207
-0.53,-0.24038245
-0.704,-0.269822
-0.8,-0.41348168
0.55,0.51480377
0.54,0.8804893
0.55,0.57499415
-0.51,-0.06877383
0.77,0.0033289583
-0.58,-0.20762508
-0.76,-0.059028797
0.57,0.24896081
-0.66,-0.37005532
-0.834,0.0
-0.62,-0.49571842
0.81,-0.010467741
0.58,0.28833956
0.52,0.17739889
-0.56,0.0012582348
-0.74,-0.00016258161
-0.593,0.0
0.6,0.036759123
-0.51,-0.20542327
0.56,0.44770655
-0.68,-1.1674529
-0.55,-0.0037591034
-0.58,-0.4630023
-0.58,-0.48882073
-0.61,-0.00051548163
-0.53,0.001742228
0.51,0.46026823
0.58,0.0015967041
0.7,-0.0035911733
0.52,0.0
0.772,-0.007236555
0.713,0.91466737
-0.55,0.0074872673
0.57,0.5077177
0.6,0.0019085765
-0.516,-0.3329712
0.53,0.22436579
-0.53,0.0013691485
-0.51,-0.014901817
-0.76,-0.29332238
0.64,0.95830286
0.57,0.50406075
0.62,-0.00027409848
-0.789,0.0038187392
0.73,0.8221386
-0.52,-0.001882712
-0.58,-0.54050434
0.706,0.75847167
-0.53,-0.6593588
-0.821,0.0
-0.56,-0.00013530254
0.52,0.21476708
-0.61,-0.4144508
-0.61,-0.11879175
0.61,-0.009308398
0.51,0.73636824
0.61,0.47626483
0.875,0.7193408
0.889,0.53592664
0.59,0.34741294
-0.83,-1.381095
-0.51,-0.002062377
0.56,0.9228056
0.64,-0.0060119554
-0.52,-0.0047101555
0.52,0.00037329397
-0.629,-0.3132753
0.65,0.63335425
0.63,0.6469411
0.56,0.0
0.58,0.0
-0.63,-0.03634107
-0.642,-0.8330768
0.717,0.65146184
-0.681,-0.43768173
-0.51,-0.39110604
-0.64,0.02257739
-0.55,-0.2066987
0.52,0.22300264
-0.68,-0.3107166
-0.834,-1.025572
-0.73,0.0057102838
0.56,-0.0016748706
-0.56,0.009160057
0.56,0.0020805171
0.504,0.0013737951
-0.52,0.0010868311
0.56,1.1275142
0.53,-0.0010434166
0.6,0.00018030405
-0.51,-0.26205644
0.58,0.048109163
-0.67,-0.6465886
0.76,0.020704687
0.888,0.0010818669
0.798,-0.0035667175
0.73,0.3385993
-0.56,-0.18207139
0.62,0.7063743
-0.62,-0.628851
0.776,0.0104116285
0.66,0.9836952
0.54,0.24723533
0.61,-0.00115986
-0.687,-0.0010129412
-0.51,-0.29812026
0.53,0.0022495626
-0.54,-0.050497275
-0.55,-0.010138303
0.62,-0.0006825179
-0.52,-0.0018139482
-0.51,-0.27497858
-0.58,-0.0016233474
-0.79,-1.005201
0.62,0.21792774
0.54,0.36440933
0.52,-0.033228897
0.56,1.0111567
0.61,0.0028588474
-0.51,0.0
0.615,0.001984935
-0.54,-0.17126116
-0.53,-0.83710575
-0.718,0.0
-0.64,0.005138119
0.51,0.22774406
0.59,0.18551195
-0.58,-0.1611047
0.73,0.0
0.7,0.6323194
-0.852,-0.80805933
0.56,0.45004267
-0.61,3.361702e-05
-0.55,-0.63634974
-0.52,-0.2304752
-0.55,-0.0026697947
-0.52,0.006509505
-0.7,-0.008037478
-0.51,0.002616803
0.67,0.38422537
0.63,0.0
0.53,-0.0063260496
-0.62,0.013427258
-0.51,0.0012728771
0.52,0.64110774
0.59,0.6444734
-0.59,-0.10297266
-0.66,-0.85919344
0.56,0.29217622
-0.708,0.009146896
-0.61,-0.5022739
0.57,-0.02368333
0.63,0.09432957
-0.53,-0.38456854
-0.69,0.017880082
-0.689,-0.041598618
0.53,0.0
0.62,-0.0010082623
-0.743,-0.77438223
-0.63,-0.0020474393
-0.787,-0.0062982677
-0.56,0.073021315
0.6,-0.0005965404
-0.792,-1.2637545
-0.869,0.0004903376
0.52,0.0012569228
-0.74,-0.5713627
0.57,0.0
-0.58,0.0
-0.52,-0.2531439
0.66,0.0
0.782,0.8584313
0.52,0.5486895
0.62,0.44246992
-0.51,0.27300632
0.54,0.00074486434
-0.66,-0.14623211
0.77,0.48047927
0.59,0.53513193
0.56,0.00042639376
0.58,0.12094151
-0.63,-0.48853382
-0.59,-0.018357953
-0.65,-0.80293536
-0.71,-0.36459357
0.68,0.17907177
-0.59,-0.0007024805
0.68,-0.00067388016
-0.585,-0.5187849
0.66,0.40682316
-0.62,0.0016753674
-0.66,-0.0014163494
-0.59,-0.22721566
-0.67,-0.34299603
0.809,1.1248852
-0.72,0.00039295355
-0.542,-0.6033239
-0.61,0.005331993
-0.74,-1.0293497
-0.74,-0.71356934
-0.55,-0.009635046
-0.57,-0.09094774
0.54,0.018882966
0.591,0.0005478059
0.78,-0.047731437
0.53,0.691719
-0.57,-0.0022482798
-0.54,0.00048189162
-0.6,-0.017803272
-0.741,0.0027533248
-0.53,-0.2173487
0.53,-0.0006777619
-0.61,-0.0020089645
-0.58,-0.3668426
0.67,0.31572244
0.66,0.37302652
0.7,0.3309587
0.51,-0.009956583
0.59,0.4622902
-0.58,-0.5343278
0.779,1.1746523
0.66,0.0
0.53,0.0048683286
0.55,0.49098477
0.89,1.3954198
0.777,0.81491375
0.58,1.0908538
0.67,-0.0006665066
0.62,0.22162351
0.56,0.028679121
-0.535,-0.28798714
0.69,0.6107565
0.57,0.5567132
-0.69,-0.8803252
0.67,0.1236048
-0.64,0.037038118
-0.63,0.0010136515
-0.51,-0.0074562556
-0.64,7.9244375e-05
-0.56,0.011861891
-0.65,0.0
-0.59,-0.0012585521
-0.65,0.008637339
0.58,0.7277436
-0.56,-0.0033328831
0.55,0.060875934
0.633,0.008984212
-0.52,-0.38472068
-0.65,-0.00540706
-0.62,-0.0007604882
-0.61,0.026592277
-0.7,-0.37932962
-0.6,-0.3006072
0.52,0.49669594
-0.55,-0.59006363
-0.641,-0.0017950088
-0.53,0.00067716837
-0.53,-0.0015512705
-0.63,-0.0017891725
0.59,0.66650915
0.865,0.655823
0.55,0.4763954
-0.64,-0.17405224
-0.59,-0.36707214
-0.62,0.00056533143
0.679,0.5488677
0.597,0.29495117
-0.7,-0.5066342
-0.6,0.0010883049
0.53,0.0057997
-0.51,-0.45507872
0.52,0.107974924
-0.53,-0.32508385
0.77,0.0
-0.61,-0.44399098
-0.72,0.3847494
0.69,0.7842035
0.785,0.0010649562
-0.77,-0.17358826
-0.54,-0.0032680233
0.54,0.008554514
-0.51,-0.0051519624
0.59,-0.0040650913
0.66,0.4147267
-0.62,0.001312626
-0.651,0.03385009
-0.635,-0.39085832
0.57,0.382022
-0.56,-0.5933811
-0.63,0.00016782682
-0.679,-0.0054029524
-0.71,-0.54311055
0.668,0.39006603
0.61,0.49620554
0.65,0.10106045
-0.73,-0.48053697
0.59,0.4505837
-0.823,0.2459305
-0.7,-0.012077982
0.58,0.29718134
-0.59,0.0063200495
0.54,0.2532198
-0.54,-0.00027836562
0.599,0.603424
0.78,0.3007583
-0.51,-0.64061683
0.53,0.0
-0.54,-0.20256425
-0.55,-0.44943142
0.823,0.0035645168
-0.612,-0.45209712
-0.77,-1.4694349
-0.55,-0.027252924
0.67,-0.01280425
0.7,1.0391319
-0.55,-0.008335624
-0.57,-0.007916818
-0.6,-0.0022457072
-0.71,-0.19615752
0.51,0.73390037
-0.51,-0.15877461
-0.58,-0.0030551553
0.55,0.43940392
-0.51,-0.13275626
0.571,0.3849168
0.619,0.0042016124
0.78,-0.0015979819
-0.52,-0.0018942555
-0.77,-0.015322754
-0.64,-0.82679653
-0.56,-0.026469814
-0.677,-0.91046375
0.842,1.9538716
0.54,0.6768374
0.53,-0.0005154219
-0.69,0.055434372
-0.791,-0.08590562
-0.62,-0.1846484
-0.58,-0.20421599
-0.762,-0.0002078414
0.55,0.5384829
-0.73,-0.83378285
0.699,-0.00035432834
0.54,0.002096817
0.604,0.7906192
-0.61,0.01878941
-0.77,0.0020233488
-0.791,-0.023040932
0.57,0.025170347
0.55,0.023590187
-0.513,-0.8175509
