distance_window,model,meQTL_dataset,score
20,CpGenie,CPG_units,0.3482826526889941
20,CpGenie,EPIC,0.0712259686948279
20,CpGenie,GTEX_BreastMammaryTissue,0.2700307067749275
20,CpGenie,GTEX_ColonTransverse,0.2529682309339632
20,CpGenie,GTEX_KidneyCortex,0.2549144387534126
20,CpGenie,GTEX_Lung,0.2286244981889393
20,CpGenie,GTEX_MuscleSkeletal,0.1789505299496602
20,CpGenie,GTEX_Ovary,0.1744812808016824
20,CpGenie,GTEX_Prostate,0.1769206177381038
20,CpGenie,GTEX_Testis,0.2592465471542763
20,CpGenie,GTEX_WholeBlood,0.1697575066964744
20,CpGenie,MDSs,0.4095813197768833
20,CpGenie,skin,0.3097926660772002
20,INTERACT,CPG_units,0.4497838285383284
20,INTERACT,EPIC,0.3418582215461585
20,INTERACT,GTEX_BreastMammaryTissue,0.3392514294609382
20,INTERACT,GTEX_ColonTransverse,0.3502732334552513
20,INTERACT,GTEX_KidneyCortex,0.3473749589047624
20,INTERACT,GTEX_Lung,0.3040264961566561
20,INTERACT,GTEX_MuscleSkeletal,0.3345495834495561
20,INTERACT,GTEX_Ovary,0.2546016529745568
20,INTERACT,GTEX_Prostate,0.383118453017786
20,INTERACT,GTEX_Testis,0.2900120507373071
20,INTERACT,GTEX_WholeBlood,0.3455967378720547
20,INTERACT,MDSs,0.3588812594813585
20,INTERACT,skin,0.297450415236184
20,Melody-MT,CPG_units,0.6086208874741986
20,Melody-MT,EPIC,0.3129858482453021
20,Melody-MT,GTEX_BreastMammaryTissue,0.5596652234834588
20,Melody-MT,GTEX_ColonTransverse,0.5227487779625551
20,Melody-MT,GTEX_KidneyCortex,0.5388453507552321
20,Melody-MT,GTEX_Lung,0.537718914156886
20,Melody-MT,GTEX_MuscleSkeletal,0.5294561912001788
20,Melody-MT,GTEX_Ovary,0.4741361458648727
20,Melody-MT,GTEX_Prostate,0.6025302036173673
20,Melody-MT,GTEX_Testis,0.4773800312303153
20,Melody-MT,GTEX_WholeBlood,0.4836187777852784
20,Melody-MT,MDSs,0.4962755801041514
20,Melody-MT,skin,0.4062968691322409
20,IDNA-ABT,CPG_units,-0.0354045472211125
20,IDNA-ABT,EPIC,-0.33581144673897
20,IDNA-ABT,GTEX_BreastMammaryTissue,-0.0405104589952472
20,IDNA-ABT,GTEX_ColonTransverse,-0.0846331232178843
20,IDNA-ABT,GTEX_KidneyCortex,-0.0310355179326928
20,IDNA-ABT,GTEX_Lung,0.0170729054853081
20,IDNA-ABT,GTEX_MuscleSkeletal,-0.167966484320336
20,IDNA-ABT,GTEX_Ovary,-0.0828194528016996
20,IDNA-ABT,GTEX_Prostate,-0.1005655084308
20,IDNA-ABT,GTEX_Testis,0.0141124259532689
20,IDNA-ABT,GTEX_WholeBlood,-0.192646233378025
20,IDNA-ABT,MDSs,-0.0042246340118327
20,IDNA-ABT,skin,-0.00254262792960696
40,CpGenie,CPG_units,0.3237398636837746
40,CpGenie,EPIC,0.0802448362984915
40,CpGenie,GTEX_BreastMammaryTissue,0.2865156266957942
40,CpGenie,GTEX_ColonTransverse,0.2448400385121045
40,CpGenie,GTEX_KidneyCortex,0.2468050131301745
40,CpGenie,GTEX_Lung,0.2188644991258008
40,CpGenie,GTEX_MuscleSkeletal,0.1920702818453164
40,CpGenie,GTEX_Ovary,0.1721086152810923
40,CpGenie,GTEX_Prostate,0.2049417159687797
40,CpGenie,GTEX_Testis,0.2477687943889098
40,CpGenie,GTEX_WholeBlood,0.2019772320937911
40,CpGenie,MDSs,0.3465241914959347
40,CpGenie,skin,0.3195714310448311
40,INTERACT,CPG_units,0.4541090865879243
40,INTERACT,EPIC,0.3524822549035797
40,INTERACT,GTEX_BreastMammaryTissue,0.3800854967609386
40,INTERACT,GTEX_ColonTransverse,0.3703666062448998
40,INTERACT,GTEX_KidneyCortex,0.3735544713690761
40,INTERACT,GTEX_Lung,0.3336366762676027
40,INTERACT,GTEX_MuscleSkeletal,0.3162863378608229
40,INTERACT,GTEX_Ovary,0.3154094238729138
40,INTERACT,GTEX_Prostate,0.4296378099638549
40,INTERACT,GTEX_Testis,0.3068341351856013
40,INTERACT,GTEX_WholeBlood,0.3603329434066559
40,INTERACT,MDSs,0.443806467411764
40,INTERACT,skin,0.3788899924526489
40,Melody-MT,CPG_units,0.579324242941288
40,Melody-MT,EPIC,0.2923193497666175
40,Melody-MT,GTEX_BreastMammaryTissue,0.5686942344646112
40,Melody-MT,GTEX_ColonTransverse,0.5078015175476285
40,Melody-MT,GTEX_KidneyCortex,0.5453699680884849
40,Melody-MT,GTEX_Lung,0.5126001087949265
40,Melody-MT,GTEX_MuscleSkeletal,0.4986975616984468
40,Melody-MT,GTEX_Ovary,0.4933382536637528
40,Melody-MT,GTEX_Prostate,0.6078378849468697
40,Melody-MT,GTEX_Testis,0.4528675322037029
40,Melody-MT,GTEX_WholeBlood,0.4585404058620803
40,Melody-MT,MDSs,0.5681494605614231
40,Melody-MT,skin,0.4433450054515747
40,IDNA-ABT,CPG_units,-0.0826676913293288
40,IDNA-ABT,EPIC,-0.216244908895524
40,IDNA-ABT,GTEX_BreastMammaryTissue,0.01609945015573232
40,IDNA-ABT,GTEX_ColonTransverse,-0.0812230429646427
40,IDNA-ABT,GTEX_KidneyCortex,-0.0551562624305468
40,IDNA-ABT,GTEX_Lung,-0.0140135232153325
40,IDNA-ABT,GTEX_MuscleSkeletal,-0.106029104089188
40,IDNA-ABT,GTEX_Ovary,-0.0915067453950124
40,IDNA-ABT,GTEX_Prostate,-0.078050921756928
40,IDNA-ABT,GTEX_Testis,0.0408599383798108
40,IDNA-ABT,GTEX_WholeBlood,-0.135300466468272
40,IDNA-ABT,MDSs,-0.0415418108030216
40,IDNA-ABT,skin,-0.0599869132562853
75,CpGenie,CPG_units,0.3050949035182852
75,CpGenie,EPIC,0.1251698302858971
75,CpGenie,GTEX_BreastMammaryTissue,0.2880869228262534
75,CpGenie,GTEX_ColonTransverse,0.256000607483545
75,CpGenie,GTEX_KidneyCortex,0.2541778660554949
75,CpGenie,GTEX_Lung,0.2443278671539618
75,CpGenie,GTEX_MuscleSkeletal,0.1904243193315507
75,CpGenie,GTEX_Ovary,0.1813291108692497
75,CpGenie,GTEX_Prostate,0.211725682841882
75,CpGenie,GTEX_Testis,0.2354471166327305
75,CpGenie,GTEX_WholeBlood,0.2213345540162022
75,CpGenie,MDSs,0.3047895083835079
75,CpGenie,skin,0.3003308363778595
75,INTERACT,CPG_units,0.44197862246062
75,INTERACT,EPIC,0.3224607313105879
75,INTERACT,GTEX_BreastMammaryTissue,0.4067285386559726
75,INTERACT,GTEX_ColonTransverse,0.3951082220054004
75,INTERACT,GTEX_KidneyCortex,0.3896053975512037
75,INTERACT,GTEX_Lung,0.3867130501066225
75,INTERACT,GTEX_MuscleSkeletal,0.339476778976385
75,INTERACT,GTEX_Ovary,0.3355714681033092
75,INTERACT,GTEX_Prostate,0.4161250812426061
75,INTERACT,GTEX_Testis,0.3411864231660797
75,INTERACT,GTEX_WholeBlood,0.3667347128170597
75,INTERACT,MDSs,0.4179715192242486
75,INTERACT,skin,0.3906447811185244
75,Melody-MT,CPG_units,0.5627633777583672
75,Melody-MT,EPIC,0.2994792104973954
75,Melody-MT,GTEX_BreastMammaryTissue,0.5733062148322892
75,Melody-MT,GTEX_ColonTransverse,0.5192387040761611
75,Melody-MT,GTEX_KidneyCortex,0.545507037361338
75,Melody-MT,GTEX_Lung,0.5331862609129396
75,Melody-MT,GTEX_MuscleSkeletal,0.4885547223583965
75,Melody-MT,GTEX_Ovary,0.4907954321119772
75,Melody-MT,GTEX_Prostate,0.5926325192834165
75,Melody-MT,GTEX_Testis,0.4677124097059494
75,Melody-MT,GTEX_WholeBlood,0.4530293458495344
75,Melody-MT,MDSs,0.5481630335904322
75,Melody-MT,skin,0.4497259146721304
100,CpGenie,CPG_units,0.3061597691310121
100,CpGenie,EPIC,0.1419947015055808
100,CpGenie,GTEX_BreastMammaryTissue,0.2826241768676478
100,CpGenie,GTEX_ColonTransverse,0.2652527681392153
100,CpGenie,GTEX_KidneyCortex,0.2592334287416983
100,CpGenie,GTEX_Lung,0.2544501208606801
100,CpGenie,GTEX_MuscleSkeletal,0.1842206398373832
100,CpGenie,GTEX_Ovary,0.1905491160063179
100,CpGenie,GTEX_Prostate,0.2145924442334009
100,CpGenie,GTEX_Testis,0.2562420375569782
100,CpGenie,GTEX_WholeBlood,0.2356104542396145
100,CpGenie,MDSs,0.3110525384798836
100,CpGenie,skin,0.3101455447873508
100,INTERACT,CPG_units,0.4381274920043883
100,INTERACT,EPIC,0.3190152797422104
100,INTERACT,GTEX_BreastMammaryTissue,0.4022724265076159
100,INTERACT,GTEX_ColonTransverse,0.3970218440590677
100,INTERACT,GTEX_KidneyCortex,0.3903090708791717
100,INTERACT,GTEX_Lung,0.3923015462331542
100,INTERACT,GTEX_MuscleSkeletal,0.3209810416466672
100,INTERACT,GTEX_Ovary,0.3339763596952516
100,INTERACT,GTEX_Prostate,0.409013143757989
100,INTERACT,GTEX_Testis,0.3498215796000758
100,INTERACT,GTEX_WholeBlood,0.369326384934664
100,INTERACT,MDSs,0.4197838775802616
100,INTERACT,skin,0.3926905039812253
100,Melody-MT,CPG_units,0.5522628458088528
100,Melody-MT,EPIC,0.3095880074640985
100,Melody-MT,GTEX_BreastMammaryTissue,0.572910143089557
100,Melody-MT,GTEX_ColonTransverse,0.5204316172656233
100,Melody-MT,GTEX_KidneyCortex,0.5399193380427002
100,Melody-MT,GTEX_Lung,0.5338748657481492
100,Melody-MT,GTEX_MuscleSkeletal,0.4819705839104367
100,Melody-MT,GTEX_Ovary,0.4808424717526557
100,Melody-MT,GTEX_Prostate,0.578329070364274
100,Melody-MT,GTEX_Testis,0.4653147471595432
100,Melody-MT,GTEX_WholeBlood,0.4506186238014619
100,Melody-MT,MDSs,0.5430402557229804
100,Melody-MT,skin,0.4650024846451705
150,CpGenie,CPG_units,0.3099179359542572
150,CpGenie,EPIC,0.1719954008659781
150,CpGenie,GTEX_BreastMammaryTissue,0.275392728619325
150,CpGenie,GTEX_ColonTransverse,0.2686933217072013
150,CpGenie,GTEX_KidneyCortex,0.254995418343643
150,CpGenie,GTEX_Lung,0.2611712021096561
150,CpGenie,GTEX_MuscleSkeletal,0.1985517382664284
150,CpGenie,GTEX_Ovary,0.1902169385102488
150,CpGenie,GTEX_Prostate,0.2255490890756401
150,CpGenie,GTEX_Testis,0.2735826680953992
150,CpGenie,GTEX_WholeBlood,0.2410940184924573
150,CpGenie,MDSs,0.3082147068675076
150,CpGenie,skin,0.3065147058631811
150,INTERACT,CPG_units,0.4309014019014248
150,INTERACT,EPIC,0.3243135612084924
150,INTERACT,GTEX_BreastMammaryTissue,0.3876026635053911
150,INTERACT,GTEX_ColonTransverse,0.3949364754706346
150,INTERACT,GTEX_KidneyCortex,0.3824373812550009
150,INTERACT,GTEX_Lung,0.3887533739901906
150,INTERACT,GTEX_MuscleSkeletal,0.3096559421314785
150,INTERACT,GTEX_Ovary,0.3337888768864908
150,INTERACT,GTEX_Prostate,0.4033015408934641
150,INTERACT,GTEX_Testis,0.3637280236059488
150,INTERACT,GTEX_WholeBlood,0.3654530651506607
150,INTERACT,MDSs,0.42042881117829
150,INTERACT,skin,0.3874948870300606
150,Melody-MT,CPG_units,0.5350450297710598
150,Melody-MT,EPIC,0.3218121880788239
150,Melody-MT,GTEX_BreastMammaryTissue,0.5532072894472767
150,Melody-MT,GTEX_ColonTransverse,0.5172038569610934
150,Melody-MT,GTEX_KidneyCortex,0.5291869000608275
150,Melody-MT,GTEX_Lung,0.52984993691859
150,Melody-MT,GTEX_MuscleSkeletal,0.4754266729569125
150,Melody-MT,GTEX_Ovary,0.4815927799756649
150,Melody-MT,GTEX_Prostate,0.5707992424387432
150,Melody-MT,GTEX_Testis,0.4698207927193263
150,Melody-MT,GTEX_WholeBlood,0.4439319928937786
150,Melody-MT,MDSs,0.5113419118454802
150,Melody-MT,skin,0.4554261788232011
200,CpGenie,CPG_units,0.3072699987538819
200,CpGenie,EPIC,0.1740947644710537
200,CpGenie,GTEX_BreastMammaryTissue,0.2701591704115889
200,CpGenie,GTEX_ColonTransverse,0.2674799682598318
200,CpGenie,GTEX_KidneyCortex,0.2523598403250916
200,CpGenie,GTEX_Lung,0.2647156174720403
200,CpGenie,GTEX_MuscleSkeletal,0.2082476958365147
200,CpGenie,GTEX_Ovary,0.2022222470772314
200,CpGenie,GTEX_Prostate,0.2218735206702341
200,CpGenie,GTEX_Testis,0.2657119282434659
200,CpGenie,GTEX_WholeBlood,0.2416064257599713
200,CpGenie,MDSs,0.3322782675101593
200,CpGenie,skin,0.3014751930618099
200,INTERACT,CPG_units,0.4230392781102457
200,INTERACT,EPIC,0.3161909731763571
200,INTERACT,GTEX_BreastMammaryTissue,0.3779608670681396
200,INTERACT,GTEX_ColonTransverse,0.3937336649784877
200,INTERACT,GTEX_KidneyCortex,0.3800648857377504
200,INTERACT,GTEX_Lung,0.3888636837721286
200,INTERACT,GTEX_MuscleSkeletal,0.3006438968932839
200,INTERACT,GTEX_Ovary,0.3362400307817973
200,INTERACT,GTEX_Prostate,0.3952408484151845
200,INTERACT,GTEX_Testis,0.3522282119959501
200,INTERACT,GTEX_WholeBlood,0.3588604873300035
200,INTERACT,MDSs,0.4336031213332609
200,INTERACT,skin,0.388534346367776
200,Melody-MT,CPG_units,0.5241882771745362
200,Melody-MT,EPIC,0.3246685593982881
200,Melody-MT,GTEX_BreastMammaryTissue,0.5345997157735328
200,Melody-MT,GTEX_ColonTransverse,0.5100915388421791
200,Melody-MT,GTEX_KidneyCortex,0.5252476778614993
200,Melody-MT,GTEX_Lung,0.5257107799558836
200,Melody-MT,GTEX_MuscleSkeletal,0.4667787928320086
200,Melody-MT,GTEX_Ovary,0.4755731997317629
200,Melody-MT,GTEX_Prostate,0.5533507470519734
200,Melody-MT,GTEX_Testis,0.453902866441508
200,Melody-MT,GTEX_WholeBlood,0.4322455664182135
200,Melody-MT,MDSs,0.5230626511221154
200,Melody-MT,skin,0.4476095069994241
500,CpGenie,CPG_units,0.2816808949714681
500,CpGenie,EPIC,0.1625075280266038
500,CpGenie,GTEX_BreastMammaryTissue,0.2571522907900165
500,CpGenie,GTEX_ColonTransverse,0.2591871562706708
500,CpGenie,GTEX_KidneyCortex,0.2279241181649849
500,CpGenie,GTEX_Lung,0.2484171104550144
500,CpGenie,GTEX_MuscleSkeletal,0.1972784630150639
500,CpGenie,GTEX_Ovary,0.1898163476768401
500,CpGenie,GTEX_Prostate,0.2322932920103835
500,CpGenie,GTEX_Testis,0.2373054048446373
500,CpGenie,GTEX_WholeBlood,0.2350117763641164
500,CpGenie,MDSs,0.3164557715892069
500,CpGenie,skin,0.2672114130336838
500,INTERACT,CPG_units,0.3825718188205698
500,INTERACT,EPIC,0.2760322961958996
500,INTERACT,GTEX_BreastMammaryTissue,0.3544351107289498
500,INTERACT,GTEX_ColonTransverse,0.3768989054060461
500,INTERACT,GTEX_KidneyCortex,0.3510896932655403
500,INTERACT,GTEX_Lung,0.3673582123708257
500,INTERACT,GTEX_MuscleSkeletal,0.2746664561815668
500,INTERACT,GTEX_Ovary,0.3217657722957299
500,INTERACT,GTEX_Prostate,0.388121342877258
500,INTERACT,GTEX_Testis,0.3149380877011252
500,INTERACT,GTEX_WholeBlood,0.338190763302649
500,INTERACT,MDSs,0.4029895737181935
500,INTERACT,skin,0.3628659288450005
500,Melody-MT,CPG_units,0.4759352015260403
500,Melody-MT,EPIC,0.2925932684562902
500,Melody-MT,GTEX_BreastMammaryTissue,0.5014763221578546
500,Melody-MT,GTEX_ColonTransverse,0.4828945958853775
500,Melody-MT,GTEX_KidneyCortex,0.4843172303885657
500,Melody-MT,GTEX_Lung,0.4936303060679814
500,Melody-MT,GTEX_MuscleSkeletal,0.4269419727081852
500,Melody-MT,GTEX_Ovary,0.4587440629434252
500,Melody-MT,GTEX_Prostate,0.5418698815807617
500,Melody-MT,GTEX_Testis,0.4060860997798406
500,Melody-MT,GTEX_WholeBlood,0.404929470559261
500,Melody-MT,MDSs,0.506954136666858
500,Melody-MT,skin,0.3945307022947707
1000,CpGenie,CPG_units,0.2565872862277488
1000,CpGenie,EPIC,0.120207385598962
1000,CpGenie,GTEX_BreastMammaryTissue,0.2430880961298858
1000,CpGenie,GTEX_ColonTransverse,0.2507479991493629
1000,CpGenie,GTEX_KidneyCortex,0.2120177011705759
1000,CpGenie,GTEX_Lung,0.2370374025504966
1000,CpGenie,GTEX_MuscleSkeletal,0.1851500738576616
1000,CpGenie,GTEX_Ovary,0.1766134595224779
1000,CpGenie,GTEX_Prostate,0.2307894787990245
1000,CpGenie,GTEX_Testis,0.2197033575115059
1000,CpGenie,GTEX_WholeBlood,0.2105850124735579
1000,CpGenie,MDSs,0.3023413902145946
1000,CpGenie,skin,0.2580174432950936
1000,INTERACT,CPG_units,0.3495247819636561
1000,INTERACT,EPIC,0.2363159259331053
1000,INTERACT,GTEX_BreastMammaryTissue,0.3336104949825694
1000,INTERACT,GTEX_ColonTransverse,0.3616132992168631
1000,INTERACT,GTEX_KidneyCortex,0.3247503018995697
1000,INTERACT,GTEX_Lung,0.3501551007973067
1000,INTERACT,GTEX_MuscleSkeletal,0.2576417315463539
1000,INTERACT,GTEX_Ovary,0.3097132433148421
1000,INTERACT,GTEX_Prostate,0.3658961358104826
1000,INTERACT,GTEX_Testis,0.2922818191559289
1000,INTERACT,GTEX_WholeBlood,0.3130205430779543
1000,INTERACT,MDSs,0.3849871969438373
1000,INTERACT,skin,0.3375845627473836
1000,Melody-MT,CPG_units,0.4362221466132136
1000,Melody-MT,EPIC,0.253383995605985
1000,Melody-MT,GTEX_BreastMammaryTissue,0.4679041323602154
1000,Melody-MT,GTEX_ColonTransverse,0.4616537599582449
1000,Melody-MT,GTEX_KidneyCortex,0.4453073623411934
1000,Melody-MT,GTEX_Lung,0.4701927817442887
1000,Melody-MT,GTEX_MuscleSkeletal,0.3924453208585533
1000,Melody-MT,GTEX_Ovary,0.4419881859661927
1000,Melody-MT,GTEX_Prostate,0.5120421830844979
1000,Melody-MT,GTEX_Testis,0.3726938808903327
1000,Melody-MT,GTEX_WholeBlood,0.3771680064819625
1000,Melody-MT,MDSs,0.4868411726861683
1000,Melody-MT,skin,0.3579123533376476
2000,CpGenie,CPG_units,0.2565872862277488
2000,CpGenie,EPIC,0.120207385598962
2000,CpGenie,GTEX_BreastMammaryTissue,0.2430880961298858
2000,CpGenie,GTEX_ColonTransverse,0.2507479991493629
2000,CpGenie,GTEX_KidneyCortex,0.2120177011705759
2000,CpGenie,GTEX_Lung,0.2370374025504966
2000,CpGenie,GTEX_MuscleSkeletal,0.1851500738576616
2000,CpGenie,GTEX_Ovary,0.1766134595224779
2000,CpGenie,GTEX_Prostate,0.2307894787990245
2000,CpGenie,GTEX_Testis,0.2197033575115059
2000,CpGenie,GTEX_WholeBlood,0.2105850124735579
2000,CpGenie,MDSs,0.3023413902145946
2000,CpGenie,skin,0.2580174432950936
2000,INTERACT,CPG_units,0.3189200002489372
2000,INTERACT,EPIC,0.2058882420095515
2000,INTERACT,GTEX_BreastMammaryTissue,0.3111531309561242
2000,INTERACT,GTEX_ColonTransverse,0.3451072311678345
2000,INTERACT,GTEX_KidneyCortex,0.3004921182675578
2000,INTERACT,GTEX_Lung,0.3356011431083894
2000,INTERACT,GTEX_MuscleSkeletal,0.2351513946779973
2000,INTERACT,GTEX_Ovary,0.2945627688245286
2000,INTERACT,GTEX_Prostate,0.3496733818426392
2000,INTERACT,GTEX_Testis,0.2671681377970281
2000,INTERACT,GTEX_WholeBlood,0.2923812965459375
2000,INTERACT,MDSs,0.369861093709705
2000,INTERACT,skin,0.3100925881012837
2000,Melody-MT,CPG_units,0.3985655003761696
2000,Melody-MT,EPIC,0.2221482591615782
2000,Melody-MT,GTEX_BreastMammaryTissue,0.4358204353007036
2000,Melody-MT,GTEX_ColonTransverse,0.4400707808244941
2000,Melody-MT,GTEX_KidneyCortex,0.4121357421154329
2000,Melody-MT,GTEX_Lung,0.4504218366816342
2000,Melody-MT,GTEX_MuscleSkeletal,0.3590999787790838
2000,Melody-MT,GTEX_Ovary,0.4192307589267476
2000,Melody-MT,GTEX_Prostate,0.4865704747364931
2000,Melody-MT,GTEX_Testis,0.3394200135044101
2000,Melody-MT,GTEX_WholeBlood,0.3518197349013373
2000,Melody-MT,MDSs,0.4683600760973914
2000,Melody-MT,skin,0.3305148465435283
