input_length_bp,track,MAE_valid
1000,GSM5652176_Adipocytes-Z000000T7,0.1569304180957644
1000,GSM5652179_Aorta-Endothel-Z00000422,0.1794632389669625
1000,GSM5652189_Kidney-Tubular-Endothel-Z0000042R,0.1647207317206411
1000,GSM5652198_Colon-Fibroblasts-Z0000042A,0.1500808230124615
1000,GSM5652200_Heart-Fibroblasts-Z0000043R,0.2239097438100836
1000,GSM5652204_Dermal-Fibroblasts-Z00000423,0.1732389567132798
1000,GSM5652205_Skeletal-Muscle-Z00000427,0.1629587047042682
1000,GSM5652207_Aorta-Smooth-Muscle-Z0000041U,0.1864907322131065
1000,GSM5652215_Heart-Cardiomyocyte-Z0000044P,0.2183044426935744
1000,GSM5652218_Bone-Osteoblasts-Z0000042Z,0.1975483611080052
1000,GSM5652219_Oligodendrocytes-Z000000TK,0.1686213646518933
1000,GSM5652223_Cortex-Neuron-Z000000TF,0.1342643224687271
1000,GSM5652233_Liver-Hepatocytes-Z000000R3,0.1677864254382419
1000,GSM5652239_Pancreas-Duct-Z0000043T,0.1748181053332686
1000,GSM5652243_Pancreas-Acinar-Z000000QX,0.2014577435378666
1000,GSM5652247_Pancreas-Delta-Z00000451,0.1755769476044785
1000,GSM5652250_Pancreas-Beta-Z00000452,0.176508455447516
1000,GSM5652253_Pancreas-Alpha-Z00000453,0.1683310524241788
1000,GSM5652264_Thyroid-Epithelial-Z0000042S,0.1632849355165443
1000,GSM5652267_Fallopian-Epithelial-Z000000Q7,0.1913222045117931
1000,GSM5652270_Ovary-Epithelial-Z000000QT,0.2258434542405312
1000,GSM5652274_Bone_marrow-Erythrocyte_progenitors-Z000000RF,0.1384580641982978
1000,GSM5652277_Blood-T-CD3-Z000000TV,0.1469108710013259
1000,GSM5652299_Blood-NK-Z000000TM,0.1430944539833252
1000,GSM5652302_Blood-Monocytes-Z000000TP,0.1572026579691193
1000,GSM5652313_Blood-Granulocytes-Z000000TZ,0.1572461976523722
1000,GSM5652317_Blood-B-Z000000UB,0.1521468756069191
1000,GSM5652321_Epidermal-Keratinocytes-Z00000424,0.1708030323682699
1000,GSM5652322_Tonsil-Palatine-Epithelial-Z000000QF,0.1893309764308899
1000,GSM5652335_Lung-Bronchus-Epithelial-Z000000QD,0.176269932127735
1000,GSM5652338_Prostate-Epithelial-Z000000RV,0.1689869427245373
1000,GSM5652342_Bladder-Epithelial-Z000000QM,0.1897544859855642
1000,GSM5652347_Breast-Luminal-Epithelial-Z000000V2,0.1705519267177994
1000,GSM5652350_Breast-Basal-Epithelial-Z000000V6,0.1772685573998707
1000,GSM5652354_Lung-Alveolar-Epithelial-Z000000T1,0.1659076977059057
1000,GSM5652358_Gallbladder-Epithelial-Z00000432,0.1829571874317426
1000,GSM5652359_Gastric-fundus-Epithelial-Z000000RX,0.1753639975664022
1000,GSM5652370_Colon-Right-Epithelial-Z000000V0,0.1898377755150365
1000,GSM5652378_Small-int-Epithelial-Z0000042V,0.1916592757873282
2000,GSM5652176_Adipocytes-Z000000T7,0.1430701494255815
2000,GSM5652179_Aorta-Endothel-Z00000422,0.1693112997770954
2000,GSM5652189_Kidney-Tubular-Endothel-Z0000042R,0.152215336323917
2000,GSM5652198_Colon-Fibroblasts-Z0000042A,0.1370845909177213
2000,GSM5652200_Heart-Fibroblasts-Z0000043R,0.2169034010950099
2000,GSM5652204_Dermal-Fibroblasts-Z00000423,0.1600532051022264
2000,GSM5652205_Skeletal-Muscle-Z00000427,0.1445928993668077
2000,GSM5652207_Aorta-Smooth-Muscle-Z0000041U,0.1786110258040859
2000,GSM5652215_Heart-Cardiomyocyte-Z0000044P,0.2034435175448493
2000,GSM5652218_Bone-Osteoblasts-Z0000042Z,0.1854466890428154
2000,GSM5652219_Oligodendrocytes-Z000000TK,0.1488088979146802
2000,GSM5652223_Cortex-Neuron-Z000000TF,0.1216734750157017
2000,GSM5652233_Liver-Hepatocytes-Z000000R3,0.1609931773765336
2000,GSM5652239_Pancreas-Duct-Z0000043T,0.1607009096550198
2000,GSM5652243_Pancreas-Acinar-Z000000QX,0.1930102620320159
2000,GSM5652247_Pancreas-Delta-Z00000451,0.1588731130442709
2000,GSM5652250_Pancreas-Beta-Z00000452,0.1566678283444181
2000,GSM5652253_Pancreas-Alpha-Z00000453,0.1524752175783966
2000,GSM5652264_Thyroid-Epithelial-Z0000042S,0.1533748133380945
2000,GSM5652267_Fallopian-Epithelial-Z000000Q7,0.1740832523759726
2000,GSM5652270_Ovary-Epithelial-Z000000QT,0.2106915110807537
2000,GSM5652274_Bone_marrow-Erythrocyte_progenitors-Z000000RF,0.1300727372095194
2000,GSM5652277_Blood-T-CD3-Z000000TV,0.1377223224701707
2000,GSM5652299_Blood-NK-Z000000TM,0.1301691310580215
2000,GSM5652302_Blood-Monocytes-Z000000TP,0.1416434084620397
2000,GSM5652313_Blood-Granulocytes-Z000000TZ,0.1412446901935024
2000,GSM5652317_Blood-B-Z000000UB,0.1397106616995737
2000,GSM5652321_Epidermal-Keratinocytes-Z00000424,0.1529509285353183
2000,GSM5652322_Tonsil-Palatine-Epithelial-Z000000QF,0.1726455431972833
2000,GSM5652335_Lung-Bronchus-Epithelial-Z000000QD,0.1594626115722881
2000,GSM5652338_Prostate-Epithelial-Z000000RV,0.1550408249336414
2000,GSM5652342_Bladder-Epithelial-Z000000QM,0.1776242644171741
2000,GSM5652347_Breast-Luminal-Epithelial-Z000000V2,0.1542455697497154
2000,GSM5652350_Breast-Basal-Epithelial-Z000000V6,0.1565675377067084
2000,GSM5652354_Lung-Alveolar-Epithelial-Z000000T1,0.1518280810250597
2000,GSM5652358_Gallbladder-Epithelial-Z00000432,0.1706059885000731
2000,GSM5652359_Gastric-fundus-Epithelial-Z000000RX,0.1657886357126414
2000,GSM5652370_Colon-Right-Epithelial-Z000000V0,0.1816729962492696
2000,GSM5652378_Small-int-Epithelial-Z0000042V,0.1814389728564183
10000,GSM5652176_Adipocytes-Z000000T7,0.120778997663617
10000,GSM5652179_Aorta-Endothel-Z00000422,0.1363992299839575
10000,GSM5652189_Kidney-Tubular-Endothel-Z0000042R,0.1263027826736569
10000,GSM5652198_Colon-Fibroblasts-Z0000042A,0.116650574172991
10000,GSM5652200_Heart-Fibroblasts-Z0000043R,0.1775773122158331
10000,GSM5652204_Dermal-Fibroblasts-Z00000423,0.1328785110816854
10000,GSM5652205_Skeletal-Muscle-Z00000427,0.1270891033043664
10000,GSM5652207_Aorta-Smooth-Muscle-Z0000041U,0.1478749907982858
10000,GSM5652215_Heart-Cardiomyocyte-Z0000044P,0.1848619915877484
10000,GSM5652218_Bone-Osteoblasts-Z0000042Z,0.1518673972836839
10000,GSM5652219_Oligodendrocytes-Z000000TK,0.120563349354482
10000,GSM5652223_Cortex-Neuron-Z000000TF,0.1043782861125237
10000,GSM5652233_Liver-Hepatocytes-Z000000R3,0.1276412966056054
10000,GSM5652239_Pancreas-Duct-Z0000043T,0.1237029238194988
10000,GSM5652243_Pancreas-Acinar-Z000000QX,0.1589535461217636
10000,GSM5652247_Pancreas-Delta-Z00000451,0.133669343412682
10000,GSM5652250_Pancreas-Beta-Z00000452,0.1304566991295985
10000,GSM5652253_Pancreas-Alpha-Z00000453,0.1295481655476873
10000,GSM5652264_Thyroid-Epithelial-Z0000042S,0.1253248157598702
10000,GSM5652267_Fallopian-Epithelial-Z000000Q7,0.1309325184150548
10000,GSM5652270_Ovary-Epithelial-Z000000QT,0.1635819924335823
10000,GSM5652274_Bone_marrow-Erythrocyte_progenitors-Z000000RF,0.1123621427436621
10000,GSM5652277_Blood-T-CD3-Z000000TV,0.1174404377460004
10000,GSM5652299_Blood-NK-Z000000TM,0.1118036704287454
10000,GSM5652302_Blood-Monocytes-Z000000TP,0.1201507029263379
10000,GSM5652313_Blood-Granulocytes-Z000000TZ,0.1182055801833006
10000,GSM5652317_Blood-B-Z000000UB,0.1239528243406043
10000,GSM5652321_Epidermal-Keratinocytes-Z00000424,0.130465224551563
10000,GSM5652322_Tonsil-Palatine-Epithelial-Z000000QF,0.1444766395178289
10000,GSM5652335_Lung-Bronchus-Epithelial-Z000000QD,0.1336269258037594
10000,GSM5652338_Prostate-Epithelial-Z000000RV,0.1240133002736967
10000,GSM5652342_Bladder-Epithelial-Z000000QM,0.1422436753712004
10000,GSM5652347_Breast-Luminal-Epithelial-Z000000V2,0.1241102245708364
10000,GSM5652350_Breast-Basal-Epithelial-Z000000V6,0.131513713674124
10000,GSM5652354_Lung-Alveolar-Epithelial-Z000000T1,0.1251552574367226
10000,GSM5652358_Gallbladder-Epithelial-Z00000432,0.1344264472563962
10000,GSM5652359_Gastric-fundus-Epithelial-Z000000RX,0.1348866209928882
10000,GSM5652370_Colon-Right-Epithelial-Z000000V0,0.138009771583534
10000,GSM5652378_Small-int-Epithelial-Z0000042V,0.1435293708467938
20000,GSM5652176_Adipocytes-Z000000T7,0.1237196508145898
20000,GSM5652179_Aorta-Endothel-Z00000422,0.1378922384854522
20000,GSM5652189_Kidney-Tubular-Endothel-Z0000042R,0.1301308567715733
20000,GSM5652198_Colon-Fibroblasts-Z0000042A,0.1172451310178307
20000,GSM5652200_Heart-Fibroblasts-Z0000043R,0.1746394243125598
20000,GSM5652204_Dermal-Fibroblasts-Z00000423,0.1360477300442434
20000,GSM5652205_Skeletal-Muscle-Z00000427,0.1301937314781224
20000,GSM5652207_Aorta-Smooth-Muscle-Z0000041U,0.145247730355742
20000,GSM5652215_Heart-Cardiomyocyte-Z0000044P,0.1871232958673732
20000,GSM5652218_Bone-Osteoblasts-Z0000042Z,0.1527013737633244
20000,GSM5652219_Oligodendrocytes-Z000000TK,0.1206103253548708
20000,GSM5652223_Cortex-Neuron-Z000000TF,0.1041078684124397
20000,GSM5652233_Liver-Hepatocytes-Z000000R3,0.1285415257126643
20000,GSM5652239_Pancreas-Duct-Z0000043T,0.1282418501030709
20000,GSM5652243_Pancreas-Acinar-Z000000QX,0.1573705162444892
20000,GSM5652247_Pancreas-Delta-Z00000451,0.1377947117014217
20000,GSM5652250_Pancreas-Beta-Z00000452,0.1363013078044079
20000,GSM5652253_Pancreas-Alpha-Z00000453,0.1322896285831488
20000,GSM5652264_Thyroid-Epithelial-Z0000042S,0.12975764307834
20000,GSM5652267_Fallopian-Epithelial-Z000000Q7,0.1341090956822266
20000,GSM5652270_Ovary-Epithelial-Z000000QT,0.1663890980358867
20000,GSM5652274_Bone_marrow-Erythrocyte_progenitors-Z000000RF,0.1099391938360985
20000,GSM5652277_Blood-T-CD3-Z000000TV,0.1137551504229171
20000,GSM5652299_Blood-NK-Z000000TM,0.1107062726226506
20000,GSM5652302_Blood-Monocytes-Z000000TP,0.1181367617925742
20000,GSM5652313_Blood-Granulocytes-Z000000TZ,0.1160786338523388
20000,GSM5652317_Blood-B-Z000000UB,0.1192667767207897
20000,GSM5652321_Epidermal-Keratinocytes-Z00000424,0.1303720700393209
20000,GSM5652322_Tonsil-Palatine-Epithelial-Z000000QF,0.1404763060394185
20000,GSM5652335_Lung-Bronchus-Epithelial-Z000000QD,0.1302598602503242
20000,GSM5652338_Prostate-Epithelial-Z000000RV,0.1239587187061123
20000,GSM5652342_Bladder-Epithelial-Z000000QM,0.1425970752375801
20000,GSM5652347_Breast-Luminal-Epithelial-Z000000V2,0.1252958083417541
20000,GSM5652350_Breast-Basal-Epithelial-Z000000V6,0.1300730847800362
20000,GSM5652354_Lung-Alveolar-Epithelial-Z000000T1,0.1240839533566747
20000,GSM5652358_Gallbladder-Epithelial-Z00000432,0.1335713564567899
20000,GSM5652359_Gastric-fundus-Epithelial-Z000000RX,0.1340361872861979
20000,GSM5652370_Colon-Right-Epithelial-Z000000V0,0.1356453931541375
20000,GSM5652378_Small-int-Epithelial-Z0000042V,0.1409911930307622
50000,GSM5652176_Adipocytes-Z000000T7,0.1282067561737333
50000,GSM5652179_Aorta-Endothel-Z00000422,0.1513071997212806
50000,GSM5652189_Kidney-Tubular-Endothel-Z0000042R,0.1380880460228803
50000,GSM5652198_Colon-Fibroblasts-Z0000042A,0.1231850215530965
50000,GSM5652200_Heart-Fibroblasts-Z0000043R,0.1938276782086183
50000,GSM5652204_Dermal-Fibroblasts-Z00000423,0.145186087408824
50000,GSM5652205_Skeletal-Muscle-Z00000427,0.1326264818505812
50000,GSM5652207_Aorta-Smooth-Muscle-Z0000041U,0.1584386886911362
50000,GSM5652215_Heart-Cardiomyocyte-Z0000044P,0.1901489278964131
50000,GSM5652218_Bone-Osteoblasts-Z0000042Z,0.1649962165084132
50000,GSM5652219_Oligodendrocytes-Z000000TK,0.131830862020168
50000,GSM5652223_Cortex-Neuron-Z000000TF,0.1088826021103668
50000,GSM5652233_Liver-Hepatocytes-Z000000R3,0.1448419346063085
50000,GSM5652239_Pancreas-Duct-Z0000043T,0.1437074861236999
50000,GSM5652243_Pancreas-Acinar-Z000000QX,0.1798762350231552
50000,GSM5652247_Pancreas-Delta-Z00000451,0.1428516303812768
50000,GSM5652250_Pancreas-Beta-Z00000452,0.1422765359427966
50000,GSM5652253_Pancreas-Alpha-Z00000453,0.139687474256859
50000,GSM5652264_Thyroid-Epithelial-Z0000042S,0.13276637461466
50000,GSM5652267_Fallopian-Epithelial-Z000000Q7,0.1523691452257909
50000,GSM5652270_Ovary-Epithelial-Z000000QT,0.1902468727083364
50000,GSM5652274_Bone_marrow-Erythrocyte_progenitors-Z000000RF,0.1213117606972208
50000,GSM5652277_Blood-T-CD3-Z000000TV,0.1244053897423113
50000,GSM5652299_Blood-NK-Z000000TM,0.1189417089215963
50000,GSM5652302_Blood-Monocytes-Z000000TP,0.1291968724007463
50000,GSM5652313_Blood-Granulocytes-Z000000TZ,0.1294842289426989
50000,GSM5652317_Blood-B-Z000000UB,0.1272643961062413
50000,GSM5652321_Epidermal-Keratinocytes-Z00000424,0.1413277342254284
50000,GSM5652322_Tonsil-Palatine-Epithelial-Z000000QF,0.154279652575265
50000,GSM5652335_Lung-Bronchus-Epithelial-Z000000QD,0.1404980281083232
50000,GSM5652338_Prostate-Epithelial-Z000000RV,0.136133793788392
50000,GSM5652342_Bladder-Epithelial-Z000000QM,0.1581655358207307
50000,GSM5652347_Breast-Luminal-Epithelial-Z000000V2,0.1383103474616998
50000,GSM5652350_Breast-Basal-Epithelial-Z000000V6,0.1408891812572909
50000,GSM5652354_Lung-Alveolar-Epithelial-Z000000T1,0.1305711750082166
50000,GSM5652358_Gallbladder-Epithelial-Z00000432,0.1524341947366439
50000,GSM5652359_Gastric-fundus-Epithelial-Z000000RX,0.1478207551097195
50000,GSM5652370_Colon-Right-Epithelial-Z000000V0,0.1595741939711404
50000,GSM5652378_Small-int-Epithelial-Z0000042V,0.159697341534701
