alpha_beta,track,MAE
"a=1,b=1",Adipocytes,0.4314560460334178
"a=1,b=1",Aorta-Endothel,0.336894282128617
"a=1,b=1",Aorta-Smooth-Muscle,0.2565096678590117
"a=1,b=1",Bladder-Epithelial,0.5731906109506231
"a=1,b=1",Blood-B,0.724429022671543
"a=1,b=1",Blood-Granulocytes,0.6033243874353368
"a=1,b=1",Blood-Monocytes,0.5881951356824447
"a=1,b=1",Blood-NK,0.6563125184299995
"a=1,b=1",Blood-T-CD3,0.7030798264539225
"a=1,b=1",Bone-Osteoblasts,0.5176297046194474
"a=1,b=1",Bone_marrow-Erythrocyte_progenitors,0.546016668105199
"a=1,b=1",Breast-Basal-Epithelial,0.528781567869434
"a=1,b=1",Breast-Luminal-Epithelial,0.4840593740662348
"a=1,b=1",Colon-Fibroblasts,0.2942479486340907
"a=1,b=1",Colon-Right-Epithelial,0.4226912688787623
"a=1,b=1",Cortex-Neuron,0.3131219038832814
"a=1,b=1",Dermal-Fibroblasts,0.4962880384602717
"a=1,b=1",Epidermal-Keratinocytes,0.5219053479680311
"a=1,b=1",Fallopian-Epithelial,0.5526943463742733
"a=1,b=1",Gallbladder-Epithelial,0.6361884133860175
"a=1,b=1",Gastric-fundus-Epithelial,0.4561459994482541
"a=1,b=1",Heart-Cardiomyocyte,0.5552760259341941
"a=1,b=1",Heart-Fibroblasts,0.4080424591618414
"a=1,b=1",Kidney-Tubular-Endothel,0.06059303396678233
"a=1,b=1",Liver-Hepatocytes,0.596887028665327
"a=1,b=1",Lung-Alveolar-Epithelial,0.4706554829238078
"a=1,b=1",Lung-Bronchus-Epithelial,0.5135296805608341
"a=1,b=1",Oligodendrocytes,0.477871973717282
"a=1,b=1",Ovary-Epithelial,0.4342101362376559
"a=1,b=1",Pancreas-Acinar,0.7426601442247757
"a=1,b=1",Pancreas-Alpha,0.5417704413748811
"a=1,b=1",Pancreas-Beta,0.4805668660028674
"a=1,b=1",Pancreas-Delta,0.4835441324082767
"a=1,b=1",Pancreas-Duct,0.6899848349086226
"a=1,b=1",Prostate-Epithelial,0.4713614229581875
"a=1,b=1",Skeletal-Muscle,0.4263336660432746
"a=1,b=1",Small-int-Epithelial,0.4315156338656871
"a=1,b=1",Thyroid-Epithelial,0.6370958500782719
"a=1,b=8",Adipocytes,0.3419833673106041
"a=1,b=8",Aorta-Endothel,0.243273596784257
"a=1,b=8",Aorta-Smooth-Muscle,0.151353735284502
"a=1,b=8",Bladder-Epithelial,0.4313937134003479
"a=1,b=8",Blood-B,0.6294477703609059
"a=1,b=8",Blood-Granulocytes,0.483357872376882
"a=1,b=8",Blood-Monocytes,0.4137518173453502
"a=1,b=8",Blood-NK,0.5617443108646085
"a=1,b=8",Blood-T-CD3,0.6125375026904067
"a=1,b=8",Bone-Osteoblasts,0.4019895914246638
"a=1,b=8",Bone_marrow-Erythrocyte_progenitors,0.4277812846188928
"a=1,b=8",Breast-Basal-Epithelial,0.4076943916622066
"a=1,b=8",Breast-Luminal-Epithelial,0.3767250706618534
"a=1,b=8",Colon-Fibroblasts,0.2250685935367399
"a=1,b=8",Colon-Right-Epithelial,0.264005605398669
"a=1,b=8",Cortex-Neuron,0.2595050739894756
"a=1,b=8",Dermal-Fibroblasts,0.4119894999584982
"a=1,b=8",Epidermal-Keratinocytes,0.3736963592046598
"a=1,b=8",Fallopian-Epithelial,0.4703631965994835
"a=1,b=8",Gallbladder-Epithelial,0.5073925255993431
"a=1,b=8",Gastric-fundus-Epithelial,0.3409002362399418
"a=1,b=8",Heart-Cardiomyocyte,0.4093910957878781
"a=1,b=8",Heart-Fibroblasts,0.2751337726732108
"a=1,b=8",Kidney-Tubular-Endothel,0.0726384498833955
"a=1,b=8",Liver-Hepatocytes,0.4899050143524824
"a=1,b=8",Lung-Alveolar-Epithelial,0.3848580120050267
"a=1,b=8",Lung-Bronchus-Epithelial,0.4282383966893454
"a=1,b=8",Oligodendrocytes,0.3153491290406509
"a=1,b=8",Ovary-Epithelial,0.3511575022670587
"a=1,b=8",Pancreas-Acinar,0.687339398070674
"a=1,b=8",Pancreas-Alpha,0.4389608854294887
"a=1,b=8",Pancreas-Beta,0.3677279343801167
"a=1,b=8",Pancreas-Delta,0.3527828504177178
"a=1,b=8",Pancreas-Duct,0.617741835484766
"a=1,b=8",Prostate-Epithelial,0.3595567437880438
"a=1,b=8",Skeletal-Muscle,0.3111132255839537
"a=1,b=8",Small-int-Epithelial,0.2740756428028288
"a=1,b=8",Thyroid-Epithelial,0.5555788648503643
"a=8,b=8",Adipocytes,0.3946011605148669
"a=8,b=8",Aorta-Endothel,0.3002653410920058
"a=8,b=8",Aorta-Smooth-Muscle,0.2237874432085778
"a=8,b=8",Bladder-Epithelial,0.556891614766401
"a=8,b=8",Blood-B,0.6988302916337009
"a=8,b=8",Blood-Granulocytes,0.6091413110293247
"a=8,b=8",Blood-Monocytes,0.5523343383391734
"a=8,b=8",Blood-NK,0.6333131591922471
"a=8,b=8",Blood-T-CD3,0.6767948963769668
"a=8,b=8",Bone-Osteoblasts,0.474631944283843
"a=8,b=8",Bone_marrow-Erythrocyte_progenitors,0.5169799123741227
"a=8,b=8",Breast-Basal-Epithelial,0.5157016923165292
"a=8,b=8",Breast-Luminal-Epithelial,0.4678172380545566
"a=8,b=8",Colon-Fibroblasts,0.2793188770093135
"a=8,b=8",Colon-Right-Epithelial,0.3935489376152329
"a=8,b=8",Cortex-Neuron,0.312557614500254
"a=8,b=8",Dermal-Fibroblasts,0.4738392388182027
"a=8,b=8",Epidermal-Keratinocytes,0.5348586705861577
"a=8,b=8",Fallopian-Epithelial,0.502699357548356
"a=8,b=8",Gallbladder-Epithelial,0.6175498489751957
"a=8,b=8",Gastric-fundus-Epithelial,0.4262648165926023
"a=8,b=8",Heart-Cardiomyocyte,0.5403133679831785
"a=8,b=8",Heart-Fibroblasts,0.3633606675741616
"a=8,b=8",Kidney-Tubular-Endothel,0.06384354698788988
"a=8,b=8",Liver-Hepatocytes,0.5809953210052974
"a=8,b=8",Lung-Alveolar-Epithelial,0.4521231831627543
"a=8,b=8",Lung-Bronchus-Epithelial,0.4912615420076742
"a=8,b=8",Oligodendrocytes,0.4397756244712906
"a=8,b=8",Ovary-Epithelial,0.405719647217425
"a=8,b=8",Pancreas-Acinar,0.7318152342096556
"a=8,b=8",Pancreas-Alpha,0.5411890725481879
"a=8,b=8",Pancreas-Beta,0.4891155267572578
"a=8,b=8",Pancreas-Delta,0.4800009168832782
"a=8,b=8",Pancreas-Duct,0.6765879842210306
"a=8,b=8",Prostate-Epithelial,0.4400075696904561
"a=8,b=8",Skeletal-Muscle,0.403560882255044
"a=8,b=8",Small-int-Epithelial,0.3815297977365819
"a=8,b=8",Thyroid-Epithelial,0.6212691317392743
"a=8,b=32",Adipocytes,0.3591967281827237
"a=8,b=32",Aorta-Endothel,0.2477353405147552
"a=8,b=32",Aorta-Smooth-Muscle,0.1623513087749587
"a=8,b=32",Bladder-Epithelial,0.4500894917532088
"a=8,b=32",Blood-B,0.5906263530186278
"a=8,b=32",Blood-Granulocytes,0.4576259922368923
"a=8,b=32",Blood-Monocytes,0.4122373869151738
"a=8,b=32",Blood-NK,0.4687643003868585
"a=8,b=32",Blood-T-CD3,0.5833060047808529
"a=8,b=32",Bone-Osteoblasts,0.3832241415778796
"a=8,b=32",Bone_marrow-Erythrocyte_progenitors,0.4258754194610649
"a=8,b=32",Breast-Basal-Epithelial,0.4069806299458991
"a=8,b=32",Breast-Luminal-Epithelial,0.3960092628457218
"a=8,b=32",Colon-Fibroblasts,0.2142151309483087
"a=8,b=32",Colon-Right-Epithelial,0.27737033106604
"a=8,b=32",Cortex-Neuron,0.2665311111931459
"a=8,b=32",Dermal-Fibroblasts,0.4165641128910439
"a=8,b=32",Epidermal-Keratinocytes,0.3833231067186908
"a=8,b=32",Fallopian-Epithelial,0.4235156361728907
"a=8,b=32",Gallbladder-Epithelial,0.4682880278034687
"a=8,b=32",Gastric-fundus-Epithelial,0.2991298471211958
"a=8,b=32",Heart-Cardiomyocyte,0.4327762647674828
"a=8,b=32",Heart-Fibroblasts,0.3055511829215674
"a=8,b=32",Kidney-Tubular-Endothel,0.07744053558825137
"a=8,b=32",Liver-Hepatocytes,0.4470517340871025
"a=8,b=32",Lung-Alveolar-Epithelial,0.3385655658400699
"a=8,b=32",Lung-Bronchus-Epithelial,0.3772576714458313
"a=8,b=32",Oligodendrocytes,0.3332061839918065
"a=8,b=32",Ovary-Epithelial,0.3267017259180368
"a=8,b=32",Pancreas-Acinar,0.6739306922369468
"a=8,b=32",Pancreas-Alpha,0.4299767102140816
"a=8,b=32",Pancreas-Beta,0.3696677814539084
"a=8,b=32",Pancreas-Delta,0.340016077272594
"a=8,b=32",Pancreas-Duct,0.6157795712913144
"a=8,b=32",Prostate-Epithelial,0.3390735226395212
"a=8,b=32",Skeletal-Muscle,0.3295317444048887
"a=8,b=32",Small-int-Epithelial,0.2770642048506948
"a=8,b=32",Thyroid-Epithelial,0.451050202907139
"a=32,b=32",Adipocytes,0.431119831133401
"a=32,b=32",Aorta-Endothel,0.3646784308609594
"a=32,b=32",Aorta-Smooth-Muscle,0.2032299720586089
"a=32,b=32",Bladder-Epithelial,0.5324502606669853
"a=32,b=32",Blood-B,0.694827572527699
"a=32,b=32",Blood-Granulocytes,0.5717973610985777
"a=32,b=32",Blood-Monocytes,0.5272384693153498
"a=32,b=32",Blood-NK,0.5988098600195074
"a=32,b=32",Blood-T-CD3,0.6697494376946107
"a=32,b=32",Bone-Osteoblasts,0.5205588227957487
"a=32,b=32",Bone_marrow-Erythrocyte_progenitors,0.4973376434434343
"a=32,b=32",Breast-Basal-Epithelial,0.5455179388355118
"a=32,b=32",Breast-Luminal-Epithelial,0.4857572836718888
"a=32,b=32",Colon-Fibroblasts,0.3054529271686255
"a=32,b=32",Colon-Right-Epithelial,0.4523993183885514
"a=32,b=32",Cortex-Neuron,0.3296128731511924
"a=32,b=32",Dermal-Fibroblasts,0.5063707758379834
"a=32,b=32",Epidermal-Keratinocytes,0.5264917959580379
"a=32,b=32",Fallopian-Epithelial,0.5333085895270109
"a=32,b=32",Gallbladder-Epithelial,0.6180099139936416
"a=32,b=32",Gastric-fundus-Epithelial,0.4576425999619826
"a=32,b=32",Heart-Cardiomyocyte,0.5571066218886583
"a=32,b=32",Heart-Fibroblasts,0.38175708755526
"a=32,b=32",Kidney-Tubular-Endothel,0.05875680014327332
"a=32,b=32",Liver-Hepatocytes,0.6320138576613259
"a=32,b=32",Lung-Alveolar-Epithelial,0.4492641350788599
"a=32,b=32",Lung-Bronchus-Epithelial,0.5139402932767909
"a=32,b=32",Oligodendrocytes,0.4614121448850254
"a=32,b=32",Ovary-Epithelial,0.4183731845904403
"a=32,b=32",Pancreas-Acinar,0.7340144009151378
"a=32,b=32",Pancreas-Alpha,0.57375767613349
"a=32,b=32",Pancreas-Beta,0.531896261884557
"a=32,b=32",Pancreas-Delta,0.5070440774030129
"a=32,b=32",Pancreas-Duct,0.6876401684821061
"a=32,b=32",Prostate-Epithelial,0.4445942222281433
"a=32,b=32",Skeletal-Muscle,0.4105246605096336
"a=32,b=32",Small-int-Epithelial,0.4098313575451432
"a=32,b=32",Thyroid-Epithelial,0.6385454227865646
